<?xml version="1.0" encoding="utf-8"?>
<annotations>
  <version>1.1</version>
  <meta>
    <job>
      <id>2</id>
      <size>1</size>
      <mode>annotation</mode>
      <overlap>0</overlap>
      <bugtracker></bugtracker>
      <created>2024-02-09 19:39:19.933095+00:00</created>
      <updated>2024-02-09 21:47:53.746066+00:00</updated>
      <subset>default</subset>
      <start_frame>0</start_frame>
      <stop_frame>0</stop_frame>
      <frame_filter></frame_filter>
      <segments>
        <segment>
          <id>2</id>
          <start>0</start>
          <stop>0</stop>
          <url>http://localhost:8080/api/jobs/2</url>
        </segment>
      </segments>
      <owner>
        <username>rakido</username>
        <email>rakido@proton.me</email>
      </owner>
      <assignee></assignee>
      <labels>
        <label>
          <name>Construction</name>
          <color>#33ddff</color>
          <type>any</type>
          <attributes>
          </attributes>
        </label>
        <label>
          <name>Tree</name>
          <color>#fa3253</color>
          <type>any</type>
          <attributes>
          </attributes>
        </label>
        <label>
          <name>Plant</name>
          <color>#34d1b7</color>
          <type>any</type>
          <attributes>
          </attributes>
        </label>
        <label>
          <name>Lawn</name>
          <color>#ff007c</color>
          <type>any</type>
          <attributes>
          </attributes>
        </label>
        <label>
          <name>Solid surface</name>
          <color>#ff6037</color>
          <type>any</type>
          <attributes>
          </attributes>
        </label>
        <label>
          <name>Water surface</name>
          <color>#ff6037</color>
          <type>any</type>
          <attributes>
          </attributes>
        </label>
        <label>
          <name>Short barrier</name>
          <color>#ddff33</color>
          <type>any</type>
          <attributes>
          </attributes>
        </label>
        <label>
          <name>Item</name>
          <color>#24b353</color>
          <type>any</type>
          <attributes>
          </attributes>
        </label>
        <label>
          <name>Sky</name>
          <color>#b83df5</color>
          <type>any</type>
          <attributes>
          </attributes>
        </label>
        <label>
          <name>Earth</name>
          <color>#66ff66</color>
          <type>any</type>
          <attributes>
          </attributes>
        </label>
        <label>
          <name>Undefined</name>
          <color>#32b7fa</color>
          <type>any</type>
          <attributes>
          </attributes>
        </label>
      </labels>
    </job>
    <dumped>2024-02-09 21:50:13.950156+00:00</dumped>
  </meta>
  <image id="0" name="3.jpg" width="1440" height="1080">
    <polygon label="Item" source="Ground truth" occluded="0" points="126.59,447.39;124.81,466.99;124.81,477.68;124.81,502.63;146.20,515.11;162.24,518.67;194.32,513.33;194.32,509.76;203.23,499.07;205.01,488.38;203.23,474.12;197.88,466.99;190.75,465.21;190.75,465.21;183.62,459.86;181.84,436.69;160.46,438.48;139.07,440.26;139.07,440.26" z_order="0">
    </polygon>
    <polygon label="Item" source="Ground truth" occluded="0" points="586.40,745.01;579.27,737.88;577.49,727.19;565.01,714.71;565.01,712.93;565.01,687.98;570.36,686.20;573.92,680.85;570.36,663.03;566.79,648.77;595.31,643.43;614.91,638.08;632.73,636.30;666.59,634.51;684.42,597.09;704.02,589.96;720.06,589.96;732.53,606.00;727.19,611.35;725.41,634.51;725.41,671.94;732.53,689.76;728.97,727.19;734.32,728.97;736.10,745.01;736.10,755.70;718.28,759.27;704.02,759.27;679.07,759.27;661.25,755.70;661.25,755.70;634.51,750.36;634.51,773.52;616.69,773.52;616.69,745.01;591.74,745.01" z_order="0">
    </polygon>
    <polygon label="Item" source="Ground truth" occluded="0" points="732.54,604.22;739.66,584.61;739.66,577.49;736.10,556.10;728.97,538.28;727.19,529.37;721.84,520.46;712.93,507.98;712.93,506.20;716.50,504.42;750.36,499.07;771.74,495.50;786.00,495.50;823.43,490.16;835.90,490.16;837.68,490.16;848.38,497.29;857.29,536.50;882.24,538.28;891.15,548.97;885.80,565.01;891.15,582.83;884.02,591.74;864.42,593.52;823.43,602.44;818.08,600.65;791.35,600.65;789.56,618.48;786.00,641.64;780.65,620.26;755.70,607.78;755.70,607.78" z_order="0">
    </polygon>
    <polygon label="Item" source="Ground truth" occluded="0" points="786.00,714.71;786.00,695.11;789.56,680.85;796.69,664.81;794.91,643.43;791.35,638.08;821.64,623.82;839.47,620.26;853.72,613.13;873.33,607.78;892.93,588.18;884.02,606.00;885.80,625.60;885.80,634.51;882.24,638.08;851.94,638.08;851.94,641.64;834.12,646.99;843.03,652.34;843.03,664.81;835.90,684.42;835.90,704.02;832.34,720.06;834.12,721.84;816.30,702.24;803.82,693.33;796.69,707.58;794.91,711.15;791.35,716.50" z_order="0">
    </polygon>
    <polygon label="Construction" source="Ground truth" occluded="0" points="1.84,506.20;0.00,280.59;-0.00,69.71;146.20,82.04;217.49,1.84;753.92,0.06;743.23,23.23;755.70,19.66;762.83,46.40;778.87,42.83;775.31,62.44;814.51,60.65;855.50,48.18;867.98,46.40;885.80,51.74;898.28,60.65;912.53,60.65;912.53,78.48;907.19,106.99;914.32,106.99;921.45,110.55;953.52,103.43;969.56,101.64;930.36,126.59;898.28,137.29;889.37,155.11;908.97,158.67;916.10,153.33;919.66,178.28;928.57,188.97;919.66,213.92;935.70,213.92;955.31,213.92;983.82,221.05;1015.90,226.40;1008.77,235.31;985.60,238.87;907.19,240.65;581.05,265.60;614.91,294.12;561.45,295.90;598.87,326.20;629.17,326.20;625.60,543.62;584.61,552.53;591.74,556.10;593.52,584.61;543.62,584.61;529.37,568.57;513.33,559.66;495.50,557.88;436.69,531.15;402.83,529.37;395.70,506.20;356.50,506.20;356.50,525.80;340.46,532.93;320.85,524.02;308.38,543.62;235.31,506.20;221.05,495.50;212.14,484.81;199.66,483.03;194.32,466.99;181.84,461.64;181.84,443.82;128.38,445.60;128.38,502.63;7.19,509.76;0.06,502.63" z_order="0">
    </polygon>
    <polygon label="Lawn" source="Ground truth" occluded="0" points="0.00,796.29;14.32,814.51;53.52,844.81;110.55,860.85;172.93,871.54;224.61,876.89;317.29,891.15;406.40,891.15;516.89,880.46;614.91,875.11;691.54,855.50;757.49,835.90;803.82,832.34;862.63,816.30;882.24,803.82;903.62,762.83;932.14,759.27;969.56,750.36;1001.64,743.23;1056.89,745.01;1144.22,739.66;1179.86,732.53;1231.54,716.50;1236.89,711.15;1247.58,687.98;1245.80,682.63;1276.10,680.85;1308.18,673.72;1331.35,670.16;1352.73,659.47;1370.55,652.34;1352.73,638.08;1334.91,636.30;1331.35,632.73;1331.35,600.65;1331.35,584.61;1336.69,577.49;1315.31,557.88;1322.44,568.57;1306.40,570.36;1297.49,570.36;1297.49,563.23;1297.49,557.88;1315.31,556.10;1343.82,556.10;1361.64,556.10;1375.90,566.79;1402.63,566.79;1409.76,565.01;1429.37,568.57;1438.28,568.57;1440.00,571.45;1440.00,1078.27;0.06,1076.50;-0.00,1073.31" z_order="0">
    </polygon>
    <polygon label="Solid surface" source="Ground truth" occluded="0" points="552.54,687.98;541.84,689.76;531.15,702.24;548.97,716.50;545.41,725.41;538.28,746.79;518.67,746.79;524.02,757.49;543.62,782.44;543.62,787.78;529.37,782.44;506.20,762.83;506.20,761.05;486.59,769.96;486.59,784.22;486.59,809.17;486.59,809.17;465.21,794.91;472.34,769.96;438.48,769.96;409.96,769.96;399.27,778.87;368.97,800.26;374.32,764.61;388.57,764.61;388.57,757.49;381.45,741.45;379.66,725.41;374.32,718.28;374.32,709.37;404.61,702.24;427.78,691.54;427.78,695.11;427.78,677.29;424.22,652.34;413.52,645.21;450.95,623.82;459.86,620.26;468.77,607.78;475.90,579.27;490.16,563.23;495.50,561.45;472.34,545.41;434.91,532.93;408.18,529.37;404.61,543.62;383.23,543.62;372.53,543.62;356.50,550.75;352.93,534.71;340.46,520.46;354.71,554.32;358.28,570.36;344.02,573.92;317.29,577.49;311.94,572.14;311.94,548.97;306.59,540.06;295.90,554.32;286.99,561.45;283.43,559.66;276.30,550.75;256.69,547.19;249.56,547.19;222.83,548.97;197.88,552.53;174.71,561.45;178.28,581.05;181.84,593.52;188.97,613.13;188.97,620.26;188.97,629.17;190.75,636.30;160.46,641.64;123.03,671.94;78.48,684.42;46.40,702.24;19.66,727.19;0.00,754.41;0.00,796.07;0.06,796.69;35.70,826.99;69.56,851.94;146.20,866.20;224.61,880.46;285.21,887.58;367.19,898.28;445.60,889.37;568.57,876.89;684.42,864.42;702.24,862.63;737.88,851.94;761.05,848.38;805.60,834.12;848.38,826.99;866.20,823.43;900.06,796.69;901.84,769.96;923.23,761.05;958.87,755.70;990.95,746.79;1026.59,745.01;1106.79,745.01;1170.95,745.01;1236.89,707.58;1249.37,695.11;1261.84,687.98;1326.00,673.72;1354.51,668.38;1333.13,668.38;1326.00,657.68;1331.35,646.99;1333.13,639.86;1333.13,622.04;1338.48,595.31;1336.69,584.61;1336.69,577.49;1315.31,577.49;1283.23,568.57;1277.88,579.27;1258.28,579.27;1258.28,568.57;1224.42,566.79;1222.63,572.14;1222.63,589.96;1203.03,586.40;1185.21,597.09;1179.86,618.48;1179.86,632.73;1179.86,650.55;1192.34,668.38;1165.60,679.07;1144.22,643.43;1096.10,648.77;1090.75,659.47;1056.89,661.25;1074.71,652.34;1067.58,643.43;1058.67,629.17;1033.72,625.60;1044.42,607.78;1049.76,589.96;1055.11,579.27;1067.58,563.23;1080.06,557.88;1046.20,557.88;1044.42,547.19;1017.68,547.19;1010.55,525.80;1014.12,513.33;1001.64,502.63;973.13,502.63;955.31,504.42;948.18,511.54;946.40,524.02;933.92,525.80;933.92,540.06;932.14,550.75;957.09,552.53;976.69,554.32;998.08,565.01;999.86,573.92;949.96,589.96;989.17,589.96;1028.38,589.96;1035.50,616.69;1024.81,645.21;1017.68,629.17;1012.34,655.90;1005.21,693.33;1006.99,707.58;1006.99,725.41;1001.64,734.32;990.95,725.41;980.26,711.15;976.69,696.89;976.69,680.85;976.69,659.47;983.82,646.99;953.52,646.99;946.40,634.51;930.36,634.51;914.32,648.77;891.15,643.43;887.58,629.17;864.42,632.73;844.81,643.43;837.68,652.34;841.25,671.94;843.03,693.33;832.34,718.28;832.34,718.28;814.51,693.33;794.91,707.58;794.91,718.28;773.52,691.54;791.35,679.07;791.35,663.03;791.35,650.55;823.43,622.04;825.21,609.56;798.48,607.78;794.91,627.39;775.31,629.17;771.74,622.04;766.40,620.26;762.83,614.91;714.71,604.22;727.19,604.22;727.19,630.95;730.75,645.21;727.19,670.16;734.32,689.76;732.53,709.37;732.53,720.06;745.01,762.83;727.19,768.18;679.07,762.83;648.77,761.05;643.43,753.92;641.64,766.40;625.60,778.87;609.56,769.96;609.56,755.70;602.44,741.45;586.40,741.45;582.83,723.62;566.79,711.15;565.01,689.76;566.79,668.38;568.57,650.55;581.05,638.08;591.74,638.08;646.99,638.08;673.72,634.51;679.07,616.69;704.02,598.87;727.19,588.18;734.32,586.40;739.66,566.79;728.97,563.23;689.76,557.88;675.50,545.41;677.29,540.06;663.03,534.71;650.55,541.84;634.51,548.97;634.51,548.97;623.82,548.97;620.26,545.41;613.13,545.41;595.31,547.19;595.31,556.10;598.87,573.92;598.87,579.27;588.18,589.96;565.01,588.18;559.66,584.61;545.41,584.61;541.84,591.74;543.62,602.44;548.97,620.26;561.45,630.95;550.75,641.64;548.97,643.43;543.62,655.90;541.84,664.81;541.84,682.63;531.15,698.67;538.28,711.15" z_order="0">
    </polygon>
    <polygon label="Plant" source="Ground truth" occluded="0" points="1028.38,545.41;1053.33,538.28;1056.89,518.67;1056.89,499.07;1056.89,493.72;1051.54,477.68;1051.54,463.43;1051.54,461.64;1033.72,459.86;1012.34,459.86;1006.99,468.77;990.95,483.03;987.39,504.42;1001.64,504.42;1010.55,509.76;1015.90,511.54;1015.90,529.37;1017.68,541.84;1042.63,541.84" z_order="0">
    </polygon>
    <polygon label="Construction" source="Ground truth" occluded="0" points="627.39,545.41;634.51,324.42;597.09,324.42;557.88,290.55;618.48,294.12;586.40,262.04;912.53,235.31;1006.99,242.44;1019.47,278.08;1058.67,258.48;1058.67,285.21;1126.40,274.51;1126.40,304.81;1169.17,304.81;1219.07,260.26;1281.45,272.73;1185.21,335.11;1042.63,338.67;937.49,458.08;925.01,630.95;914.32,650.55;882.24,643.43;896.50,401.05;843.03,322.63;723.62,329.76;698.67,326.20;664.81,319.07;646.99,360.06;654.12,381.45;698.67,329.76;734.32,326.20;657.68,413.52;659.47,545.41;625.60,547.19" z_order="0">
    </polygon>
    <polygon label="Construction" source="Ground truth" occluded="0" points="668.38,322.63;643.43,361.84;652.34,377.88;696.89,326.20;671.94,322.63" z_order="0">
    </polygon>
    <polygon label="Tree" source="Ground truth" occluded="0" points="753.27,0.00;748.57,12.53;743.23,30.36;743.23,30.36;768.18,12.53;762.83,19.66;759.27,33.92;768.18,51.74;777.09,39.27;771.74,64.22;810.95,58.87;821.64,57.09;844.81,53.52;855.50,46.40;875.11,48.18;875.11,55.31;901.84,62.44;916.10,62.44;914.32,89.17;907.19,108.77;917.88,112.34;957.09,101.64;973.13,85.60;944.61,119.47;903.62,133.72;896.50,140.85;892.93,158.67;892.93,160.46;917.88,153.33;917.88,176.50;932.14,181.84;921.45,213.92;964.22,212.14;978.48,222.83;996.30,224.61;1014.12,224.61;1012.34,237.09;999.86,247.78;1017.68,272.73;1042.63,262.04;1056.89,262.04;1055.11,286.99;1071.15,286.99;1106.79,285.21;1117.49,279.86;1124.61,290.55;1126.40,308.38;1162.04,306.59;1169.17,304.81;1179.86,283.43;1185.21,281.64;1197.68,269.17;1217.29,265.60;1238.67,274.51;1279.66,274.51;1252.93,292.34;1238.67,295.90;1226.20,310.16;1215.50,317.29;1190.55,329.76;1185.21,333.33;1165.60,358.28;1167.39,370.75;1179.86,376.10;1195.90,390.36;1206.59,372.53;1210.16,390.36;1208.38,401.05;1215.50,409.96;1227.98,420.65;1240.46,417.09;1249.37,417.09;1256.50,417.09;1267.19,415.31;1276.10,413.52;1304.61,408.18;1320.65,383.23;1327.78,388.57;1331.35,418.87;1327.78,427.78;1320.65,431.35;1313.52,440.26;1304.61,452.73;1299.27,461.64;1286.79,461.64;1263.62,461.64;1265.41,477.68;1279.66,486.59;1301.05,486.59;1306.40,484.81;1304.61,506.20;1313.52,524.02;1333.13,513.33;1338.48,497.29;1349.17,493.72;1349.17,493.72;1375.90,504.42;1399.07,504.42;1395.50,504.42;1407.98,481.25;1415.11,468.77;1409.76,443.82;1420.46,443.82;1415.11,470.55;1432.93,472.34;1432.93,488.38;1438.28,479.47;1440.00,481.76;1440.00,1.81;1088.12,0.00" z_order="0">
    </polygon>
    <polygon label="Construction" source="Ground truth" occluded="0" points="1297.49,550.75;1333.13,556.10;1365.21,554.32;1379.47,561.45;1386.59,561.45;1404.42,563.23;1418.67,568.57;1440.00,568.57;1440.00,502.63;1424.02,500.85;1402.63,507.98;1391.94,507.98;1365.21,502.63;1356.30,502.63;1347.39,502.63;1338.48,504.42;1315.31,525.80;1297.49,541.84;1292.14,547.19" z_order="0">
    </polygon>
    <polygon label="Construction" source="Ground truth" occluded="0" points="1001.64,372.54;1046.20,331.54;1178.08,338.67;1170.95,360.06;1163.82,367.19;1170.95,377.88;1183.43,388.57;1190.55,386.79;1208.38,370.75;1208.38,383.23;1208.38,408.18;1185.21,408.18;1197.68,415.31;1203.03,427.78;1192.34,436.69;1179.86,450.95;1179.86,468.77;1179.86,483.03;1178.08,493.72;1176.30,495.50;1172.73,502.63;1169.17,509.76;1160.26,515.11;1156.69,516.89;1154.91,522.24;1153.13,527.58;1153.13,532.93;1149.56,534.71;1140.65,540.06;1135.31,540.06;1115.70,547.19;1110.36,547.19;1097.88,548.97;1083.62,550.75;1049.76,550.75;1049.76,550.75;1056.89,529.37;1056.89,513.33;1056.89,504.42;1056.89,499.07;1055.11,484.81;1051.54,475.90;1047.98,463.43;1047.98,463.43;1047.98,463.43;1031.94,456.30;1012.34,461.64;1008.77,466.99;1006.99,466.99;1001.64,475.90;1001.64,475.90;996.30,472.34;1003.43,372.53" z_order="0">
    </polygon>
    <polygon label="Construction" source="Ground truth" occluded="0" points="723.62,331.54;652.34,409.96;654.12,531.15;673.72,538.28;671.94,547.19;700.46,563.23;734.32,561.45;711.15,504.42;746.79,495.50;784.22,459.86;850.16,458.08;882.24,493.72;878.67,527.58;894.71,532.93;900.06,411.74;850.16,326.20;721.84,331.54" z_order="0">
    </polygon>
    <polygon label="Item" source="Ground truth" occluded="0" points="351.15,499.07;379.66,499.07;401.05,500.85;399.27,518.67;408.18,534.71;406.40,545.41;388.57,543.62;363.62,545.41;354.71,541.84;354.71,527.58;352.93,509.76;349.37,500.85" z_order="0">
    </polygon>
    <polygon label="Item" source="Ground truth" occluded="0" points="171.15,518.67;167.58,532.93;174.71,534.71;183.62,538.28;188.97,543.62;221.05,545.41;244.22,541.84;272.73,541.84;286.99,531.15;276.30,524.02;272.73,524.02;247.78,522.24;237.09,522.24;231.74,522.24;221.05,522.24;215.70,522.24;215.70,522.24;190.75,522.24;187.19,522.24;180.06,518.67" z_order="0">
    </polygon>
    <polygon label="Plant" source="Ground truth" occluded="0" points="1224.42,561.45;1245.80,561.45;1251.15,559.66;1252.93,556.10;1252.93,540.06;1252.93,531.15;1254.71,527.58;1263.62,515.11;1263.62,515.11;1261.84,488.38;1261.84,472.34;1261.84,468.77;1268.97,434.91;1268.97,433.13;1268.97,427.78;1270.75,415.31;1249.37,415.31;1222.63,420.65;1213.72,409.96;1199.47,402.83;1178.08,409.96;1199.47,434.91;1183.43,442.04;1178.08,470.55;1178.08,475.90;1170.95,504.42;1169.17,507.98;1156.69,522.24;1154.91,525.80;1154.91,529.37;1147.78,547.19;1147.78,548.97;1154.91,548.97;1185.21,531.15;1192.34,531.15;1213.72,536.50;1213.72,547.19;1219.07,556.10;1240.46,570.36" z_order="0">
    </polygon>
    <polygon label="Item" source="Ground truth" occluded="0" points="436.69,691.54;434.91,673.72;429.56,664.81;418.87,645.21;426.00,638.08;438.48,627.39;459.86,620.26;470.55,604.22;470.55,584.61;481.25,573.92;506.20,561.45;527.58,556.10;534.71,563.23;547.19,582.83;543.62,602.44;550.75,614.91;554.32,620.26;550.75,643.43;547.19,652.34;550.75,680.85;556.10,686.20;554.32,696.89;543.62,700.46;532.93,705.80;532.93,704.02;525.80,700.46;497.29,689.76;477.68,691.54;450.95,691.54" z_order="0">
    </polygon>
    <polygon label="Item" source="Ground truth" occluded="0" points="930.36,584.61;953.52,591.74;980.26,588.18;990.95,586.40;1012.34,593.52;1026.59,591.74;1033.72,607.78;1028.38,630.95;1023.03,638.08;1012.34,630.95;1010.55,638.08;999.86,650.55;1003.43,679.07;1003.43,696.89;1008.77,712.93;1005.21,732.53;999.86,732.53;983.82,716.50;980.26,714.71;976.69,702.24;976.69,689.76;976.69,664.81;987.39,657.68;985.60,648.77;964.22,645.21;957.09,639.86;937.49,627.39;933.92,629.17;925.01,623.82" z_order="0">
    </polygon>
    <polygon label="Item" source="Ground truth" occluded="0" points="752.14,495.50;768.18,475.90;780.65,458.08;818.08,452.73;848.38,456.30;866.20,468.77;878.67,490.16;887.58,515.11;892.93,534.71;873.33,536.50;864.42,531.15;848.38,516.89;848.38,500.85;837.68,484.81;818.08,484.81;791.35,484.81;764.61,488.38" z_order="0">
    </polygon>
    <polygon label="Item" source="Ground truth" occluded="0" points="1076.50,657.68;1069.37,638.08;1062.24,630.95;1040.85,622.04;1049.76,600.65;1064.02,572.14;1065.80,561.45;1078.28,557.88;1101.45,557.88;1126.40,554.32;1128.18,554.32;1151.35,557.88;1169.17,543.62;1179.86,534.71;1199.47,531.15;1213.72,552.53;1220.85,554.32;1211.94,568.57;1203.03,575.70;1178.08,622.04;1176.30,648.77;1190.55,663.03;1163.82,673.72;1147.78,652.34;1142.44,648.77;1101.45,648.77;1081.84,657.68" z_order="0">
    </polygon>
    <polygon label="Lawn" source="Ground truth" occluded="0" points="0.00,502.80;35.70,506.20;74.91,507.98;108.77,509.76;128.38,506.20;126.59,506.20;149.76,518.67;171.15,520.46;197.88,515.11;203.23,515.11;224.61,509.76;237.09,506.20;267.39,516.89;276.30,524.02;242.44,524.02;205.01,529.37;190.75,525.80;172.93,527.58;167.58,540.06;185.41,541.84;194.32,548.97;215.70,548.97;229.96,547.19;249.56,543.62;267.39,540.06;274.51,527.58;281.64,527.58;311.94,536.50;301.25,540.06;299.47,554.32;295.90,556.10;286.99,566.79;279.86,550.75;276.30,550.75;258.48,550.75;246.00,548.97;210.36,554.32;187.19,556.10;190.75,568.57;194.32,581.05;196.10,600.65;201.45,611.35;203.23,618.48;201.45,629.17;190.75,636.30;178.28,643.43;123.03,671.94;110.55,673.72;78.48,684.42;58.87,693.33;37.49,705.80;33.92,709.37;16.10,725.41;7.19,736.10;0.00,741.85" z_order="0">
    </polygon>
    <polygon label="Construction" source="Ground truth" occluded="0" points="1268.97,413.52;1306.40,406.40;1327.78,390.36;1326.00,397.49;1324.22,427.78;1306.40,443.82;1301.05,463.43;1279.66,465.21;1258.28,463.43;1258.28,474.12;1274.32,488.38;1297.49,483.03;1304.61,534.71;1293.92,568.57;1281.45,575.70;1258.28,572.14;1252.93,557.88;1258.28,511.54;1258.28,486.59;1260.06,459.86;1267.19,447.39;1267.19,424.22;1267.19,415.31" z_order="0">
    </polygon>
    <polygon label="Item" source="Ground truth" occluded="0" points="388.57,789.56;392.14,775.31;399.27,764.61;402.83,753.92;372.53,730.75;372.53,714.71;392.14,711.15;406.40,704.02;427.78,698.67;447.39,691.54;461.64,691.54;488.38,689.76;513.33,693.33;529.37,702.24;540.06,714.71;538.28,734.32;516.89,745.01;532.93,757.49;543.62,769.96;532.93,762.83;518.67,748.57;500.85,746.79;488.38,762.83;486.59,777.09;486.59,784.22;484.81,800.26;481.25,807.39;472.34,786.00;474.12,777.09;474.12,769.96;463.43,769.96;456.30,769.96;427.78,771.74;429.56,766.40;409.96,768.18;395.70,784.22;390.36,784.22" z_order="0">
    </polygon>
    <polygon label="Item" source="Ground truth" occluded="0" points="308.38,529.37;347.58,536.50;352.93,559.66;345.80,572.14;313.72,568.57;306.59,540.06" z_order="0">
    </polygon>
    <polygon label="Construction" source="Ground truth" occluded="0" points="933.92,461.64;973.13,404.61;971.35,502.63;935.70,516.89;939.27,458.08" z_order="0">
    </polygon>
    <polygon label="Item" source="Ground truth" occluded="0" points="926.79,548.97;974.91,552.53;999.86,566.79;990.95,572.14;946.40,593.52;925.01,581.05;925.01,550.75" z_order="0">
    </polygon>
  </image>
</annotations>
